Date,Close_price
11/28/2014 16:56:00,54664.36
12/1/2014 16:56:00,52276.58
12/2/2014 16:56:00,51612.47
12/3/2014 16:56:00,52320.48
12/4/2014 16:56:00,51426.87
12/5/2014 16:56:00,51992.89
12/8/2014 16:56:00,50274.07
12/9/2014 16:56:00,50193.47
12/10/2014 16:56:00,49548.08
12/11/2014 16:56:00,49861.81
12/12/2014 16:56:00,48001.98
12/15/2014 16:56:00,47018.68
12/16/2014 16:56:00,47007.51
12/17/2014 16:56:00,48713.64
12/18/2014 16:56:00,48495.7
12/19/2014 16:56:00,49650.98
12/22/2014 16:56:00,50120.86
12/23/2014 16:56:00,50889.81
12/26/2014 16:56:00,50144.63
12/29/2014 16:56:00,50593.82
12/30/2014 16:56:00,50007.41
1/2/2015 16:56:00,48512.22
1/5/2015 16:56:00,47516.82
1/7/2015 16:56:00,48000.92
1/8/2015 16:56:00,49943.3
1/9/2015 16:56:00,48840.25
1/12/2015 16:56:00,48139.74
1/13/2015 16:56:00,48041.67
1/14/2015 16:56:00,47645.87
1/15/2015 16:56:00,48026.31
1/16/2015 16:56:00,49016.52
1/19/2015 16:56:00,47758.01
1/20/2015 16:56:00,47876.66
1/21/2015 16:56:00,49224.08
1/23/2015 16:56:00,48775.3
1/26/2015 16:56:00,48576.55
1/27/2015 16:56:00,48591.23
1/28/2015 16:56:00,47694.54
1/29/2015 16:56:00,47762.24
1/30/2015 16:56:00,46907.68
2/2/2015 16:56:00,47650.73
2/3/2015 16:56:00,48963.66
2/4/2015 16:56:00,49301.05
2/5/2015 16:56:00,49233.85
2/6/2015 16:56:00,48792.27
2/9/2015 16:56:00,49382.58
2/10/2015 16:56:00,48510.28
2/11/2015 16:56:00,48239.67
2/12/2015 16:56:00,49532.72
2/13/2015 16:56:00,50635.92
2/18/2015 16:56:00,51280.36
2/19/2015 16:56:00,51294.03
2/20/2015 16:56:00,51237.7
2/23/2015 16:56:00,51280.64
2/24/2015 16:56:00,51874.17
2/25/2015 16:56:00,51811.02
2/26/2015 16:56:00,51760.54
2/27/2015 16:56:00,51583.09
3/2/2015 16:56:00,51020.81
3/3/2015 16:56:00,51304.1
3/4/2015 16:56:00,50468.05
3/5/2015 16:56:00,50365.2
3/6/2015 16:56:00,49981.19
3/9/2015 16:56:00,49181.01
3/10/2015 16:56:00,48293.4
3/11/2015 16:56:00,48905.58
3/12/2015 16:56:00,48880.4
3/13/2015 16:56:00,48595.81
3/16/2015 16:56:00,48848.21
3/17/2015 16:56:00,50285.12
3/18/2015 16:56:00,51526.19
3/19/2015 16:56:00,50953.53
3/20/2015 16:56:00,51966.58
3/23/2015 16:56:00,51908.46
3/24/2015 16:56:00,51506.07
3/25/2015 16:56:00,51858.3
3/26/2015 16:56:00,50579.85
3/27/2015 16:56:00,50094.66
3/30/2015 16:56:00,51243.45
3/31/2015 16:56:00,51150.16
4/1/2015 16:56:00,52321.76
4/2/2015 16:56:00,53123.02
4/6/2015 16:56:00,53737.26
4/7/2015 16:56:00,53729.16
4/8/2015 16:56:00,53661.11
4/9/2015 16:56:00,53802.66
4/10/2015 16:56:00,54214.11
4/13/2015 16:56:00,54239.77
4/14/2015 16:56:00,53981.92
4/15/2015 16:56:00,54918.74
4/16/2015 16:56:00,54674.21
4/17/2015 16:56:00,53954.79
4/20/2015 16:56:00,53761.27
4/22/2015 16:56:00,54617.36
4/23/2015 16:56:00,55684.85
4/24/2015 16:56:00,56594.22
4/27/2015 16:56:00,55534.5
4/28/2015 16:56:00,55812.03
4/29/2015 16:56:00,55325.29
4/30/2015 16:56:00,56229.38
5/4/2015 16:56:00,57353.98
5/5/2015 16:56:00,58051.61
5/6/2015 16:56:00,57103.14
5/7/2015 16:56:00,56921.39
5/8/2015 16:56:00,57149.33
5/11/2015 16:56:00,57197.1
5/12/2015 16:56:00,56792.05
5/13/2015 16:56:00,56372.04
5/14/2015 16:56:00,56656.57
5/15/2015 16:56:00,57248.63
5/18/2015 16:56:00,56204.23
5/19/2015 16:56:00,55498.82
5/20/2015 16:56:00,54901.02
5/21/2015 16:56:00,55112.05
5/22/2015 16:56:00,54377.29
5/25/2015 16:56:00,54609.26
5/26/2015 16:56:00,53629.78
5/27/2015 16:56:00,54236.25
5/28/2015 16:56:00,53976.28
5/29/2015 16:56:00,52760.48
6/1/2015 16:56:00,53031.32
6/2/2015 16:56:00,54236.44
6/3/2015 16:56:00,53522.91
6/5/2015 16:56:00,52973.38
6/8/2015 16:56:00,52809.64
6/9/2015 16:56:00,52815.99
6/10/2015 16:56:00,53876.45
6/11/2015 16:56:00,53688.52
6/12/2015 16:56:00,53347.53
6/15/2015 16:56:00,53137.53
6/16/2015 16:56:00,53702.15
6/17/2015 16:56:00,53248.54
6/18/2015 16:56:00,54238.59
6/19/2015 16:56:00,53749.42
6/22/2015 16:56:00,53863.68
6/23/2015 16:56:00,53772.43
6/24/2015 16:56:00,53842.53
6/25/2015 16:56:00,53175.67
6/26/2015 16:56:00,54016.97
6/29/2015 16:56:00,53014.21
6/30/2015 16:56:00,53080.88
7/1/2015 16:56:00,52757.54
7/2/2015 16:56:00,53106.19
7/3/2015 16:56:00,52519.41
7/6/2015 16:56:00,52149.37
7/7/2015 16:56:00,52343.72
7/8/2015 16:56:00,51781.75
7/10/2015 16:56:00,52590.72
7/13/2015 16:56:00,53119.47
7/14/2015 16:56:00,53239.18
7/15/2015 16:56:00,52902.28
7/16/2015 16:56:00,53069.75
7/17/2015 16:56:00,52341.8
7/20/2015 16:56:00,51600.08
7/21/2015 16:56:00,51474.28
7/22/2015 16:56:00,50915.79
7/23/2015 16:56:00,49806.63
7/24/2015 16:56:00,49245.85
7/27/2015 16:56:00,48735.54
7/28/2015 16:56:00,49601.6
7/29/2015 16:56:00,50245.15
7/30/2015 16:56:00,49897.4
7/31/2015 16:56:00,50864.77
8/3/2015 16:56:00,50138.05
8/4/2015 16:56:00,50058.49
8/5/2015 16:56:00,50287.27
8/6/2015 16:56:00,50011.32
8/7/2015 16:56:00,48577.32
8/10/2015 16:56:00,49353
8/11/2015 16:56:00,49072.34
8/12/2015 16:56:00,48388.05
8/13/2015 16:56:00,48009.57
8/14/2015 16:56:00,47508.41
8/17/2015 16:56:00,47217.43
8/18/2015 16:56:00,47450.58
8/19/2015 16:56:00,46588.39
8/20/2015 16:56:00,46649.23
8/21/2015 16:56:00,45719.64
8/24/2015 16:56:00,44336.47
8/25/2015 16:56:00,44544.85
8/26/2015 16:56:00,46038.08
8/27/2015 16:56:00,47715.27
8/28/2015 16:56:00,47153.87
8/31/2015 16:56:00,46625.52
9/1/2015 16:56:00,45477.06
9/2/2015 16:56:00,46463.96
9/3/2015 16:56:00,47365.87
9/4/2015 16:56:00,46497.72
9/8/2015 16:56:00,46762.07
9/9/2015 16:56:00,46657.1
9/10/2015 16:56:00,46503.99
9/11/2015 16:56:00,46400.51
9/14/2015 16:56:00,47281.52
9/15/2015 16:56:00,47364.07
9/16/2015 16:56:00,48553.1
9/17/2015 16:56:00,48551.08
9/18/2015 16:56:00,47264.08
9/21/2015 16:56:00,46590.2
9/22/2015 16:56:00,46264.61
9/23/2015 16:56:00,45340.11
9/24/2015 16:56:00,45291.97
9/25/2015 16:56:00,44831.46
9/28/2015 16:56:00,43956.63
9/29/2015 16:56:00,44131.82
9/30/2015 16:56:00,45059.35
10/1/2015 16:56:00,45313.27
10/2/2015 16:56:00,47033.46
10/5/2015 16:56:00,47598.07
10/6/2015 16:56:00,47735.11
10/7/2015 16:56:00,48914.32
10/8/2015 16:56:00,49106.56
10/9/2015 16:56:00,49338.41
10/13/2015 16:56:00,47362.64
10/14/2015 16:56:00,46710.44
10/15/2015 16:56:00,47161.15
10/16/2015 16:56:00,47236.1
10/19/2015 16:56:00,47447.31
10/20/2015 16:56:00,47076.55
10/21/2015 16:56:00,47025.87
10/22/2015 16:56:00,47772.14
10/23/2015 16:56:00,47596.59
10/26/2015 16:56:00,47209.32
10/27/2015 16:56:00,47042.95
10/28/2015 16:56:00,46740.85
10/29/2015 16:56:00,45628.35
10/30/2015 16:56:00,45868.82
11/3/2015 16:56:00,48053.67
11/4/2015 16:56:00,47710.1
11/5/2015 16:56:00,48046.76
11/6/2015 16:56:00,46918.52
11/9/2015 16:56:00,46194.92
11/10/2015 16:56:00,46206.57
11/11/2015 16:56:00,47065.01
11/12/2015 16:56:00,46883.58
11/13/2015 16:56:00,46517.04
11/16/2015 16:56:00,46846.87
11/17/2015 16:56:00,47247.8
11/18/2015 16:56:00,47435.58
11/19/2015 16:56:00,48138.89
11/23/2015 16:56:00,48150.27
11/24/2015 16:56:00,48284.19
11/25/2015 16:56:00,46866.64
11/26/2015 16:56:00,47145.63
11/27/2015 16:56:00,45872.92
11/30/2015 16:56:00,45120.36
12/1/2015 16:56:00,45046.75
12/2/2015 16:56:00,44914.53
12/3/2015 16:56:00,46393.26
12/4/2015 16:56:00,45360.76
12/7/2015 16:56:00,45222.7
12/8/2015 16:56:00,44443.26
12/9/2015 16:56:00,46108.03
12/10/2015 16:56:00,45630.71
12/11/2015 16:56:00,45262.72
12/14/2015 16:56:00,44747.31
12/15/2015 16:56:00,44872.47
12/16/2015 16:56:00,45015.85
12/17/2015 16:56:00,45261.48
12/18/2015 16:56:00,43910.6
12/21/2015 16:56:00,43199.95
12/22/2015 16:56:00,43469.52
12/23/2015 16:56:00,44014.93
12/28/2015 16:56:00,43764.34
12/29/2015 16:56:00,43653.97
12/30/2015 16:56:00,43349.96
1/4/2016 16:56:00,42141.04
1/5/2016 16:56:00,42419.32
1/6/2016 16:56:00,41773.14
1/7/2016 16:56:00,40694.72
1/8/2016 16:56:00,40612.21
1/11/2016 16:56:00,39950.49
1/12/2016 16:56:00,39513.83
1/13/2016 16:56:00,38944.44
1/14/2016 16:56:00,39500.11
1/15/2016 16:56:00,38569.13
1/18/2016 16:56:00,37937.27
1/19/2016 16:56:00,38057.01
1/20/2016 16:56:00,37645.48
1/21/2016 16:56:00,37717.11
1/22/2016 16:56:00,38031.22
1/26/2016 16:56:00,37497.48
1/27/2016 16:56:00,38376.37
1/28/2016 16:56:00,38630.19
1/29/2016 16:56:00,40405.99
2/1/2016 16:56:00,40570.04
2/2/2016 16:56:00,38596.17
2/3/2016 16:56:00,39588.82
2/4/2016 16:56:00,40821.74
2/5/2016 16:56:00,40592.09
2/10/2016 16:56:00,40376.58
2/11/2016 16:56:00,39318.3
2/12/2016 16:56:00,39808.05
2/15/2016 16:56:00,40092.89
2/16/2016 16:56:00,40947.7
2/17/2016 16:56:00,41630.82
2/18/2016 16:56:00,41477.63
2/19/2016 16:56:00,41543.41
2/22/2016 16:56:00,43234.85
2/23/2016 16:56:00,42437.26
2/24/2016 16:56:00,42084.56
2/25/2016 16:56:00,41887.9
2/26/2016 16:56:00,41593.08
2/29/2016 16:56:00,42793.86
3/1/2016 16:56:00,44121.79
3/2/2016 16:56:00,44893.48
3/3/2016 16:56:00,47193.39
3/4/2016 16:56:00,49084.87
3/7/2016 16:56:00,49246.1
3/8/2016 16:56:00,49102.14
3/9/2016 16:56:00,48665.09
3/10/2016 16:56:00,49571.11
3/11/2016 16:56:00,49638.68
3/14/2016 16:56:00,48867.33
3/15/2016 16:56:00,47130.02
3/16/2016 16:56:00,47763.43
3/17/2016 16:56:00,50913.79
3/18/2016 16:56:00,50814.66
3/21/2016 16:56:00,51171.55
3/22/2016 16:56:00,51010.19
3/23/2016 16:56:00,49690.05
3/24/2016 16:56:00,49657.39
3/28/2016 16:56:00,50838.23
3/29/2016 16:56:00,51154.99
3/30/2016 16:56:00,51248.92
3/31/2016 16:56:00,50055.27
4/1/2016 16:56:00,50561.53
4/4/2016 16:56:00,48779.99
4/5/2016 16:56:00,49053.62
4/6/2016 16:56:00,48096.24
4/7/2016 16:56:00,48513.1
4/11/2016 16:56:00,50165.48
4/12/2016 16:56:00,52001.86
4/13/2016 16:56:00,53149.84
4/14/2016 16:56:00,52411.02
4/15/2016 16:56:00,53227.74
4/18/2016 16:56:00,52894.08
4/19/2016 16:56:00,53710.05
4/20/2016 16:56:00,53630.93
4/22/2016 16:56:00,52907.88
4/25/2016 16:56:00,51861.71
4/26/2016 16:56:00,53082.5
4/27/2016 16:56:00,54477.78
4/28/2016 16:56:00,54311.97
4/29/2016 16:56:00,53910.51
5/2/2016 16:56:00,53561.53
5/3/2016 16:56:00,52260.19
5/4/2016 16:56:00,52552.8
5/5/2016 16:56:00,51671.04
5/6/2016 16:56:00,51717.83
5/9/2016 16:56:00,50990.07
5/10/2016 16:56:00,53070.91
5/11/2016 16:56:00,52764.46
5/12/2016 16:56:00,53241.32
5/13/2016 16:56:00,51804.31
5/16/2016 16:56:00,51802.92
5/17/2016 16:56:00,50839.44
5/18/2016 16:56:00,50561.7
5/19/2016 16:56:00,50132.53
5/20/2016 16:56:00,49722.75
5/23/2016 16:56:00,49330.42
5/24/2016 16:56:00,49345.19
5/25/2016 16:56:00,49482.86
5/27/2016 16:56:00,49051.49
5/30/2016 16:56:00,48964.34
5/31/2016 16:56:00,48471.71
6/1/2016 16:56:00,49012.65
6/2/2016 16:56:00,49887.24
6/3/2016 16:56:00,50619.5
6/6/2016 16:56:00,50431.8
6/7/2016 16:56:00,50487.86
6/8/2016 16:56:00,51629.29
6/9/2016 16:56:00,51118.46
6/10/2016 16:56:00,49422.16
6/13/2016 16:56:00,49660.79
6/14/2016 16:56:00,48648.3
6/15/2016 16:56:00,48914.74
6/16/2016 16:56:00,49411.62
6/17/2016 16:56:00,49533.84
6/20/2016 16:56:00,50329.36
6/21/2016 16:56:00,50837.81
6/22/2016 16:56:00,50156.3
6/23/2016 16:56:00,51559.82
6/24/2016 16:56:00,50105.26
6/27/2016 16:56:00,49245.53
6/28/2016 16:56:00,50006.56
6/29/2016 16:56:00,51001.91
6/30/2016 16:56:00,51526.93
7/1/2016 16:56:00,52233.04
7/4/2016 16:56:00,52568.66
7/5/2016 16:56:00,51842.27
7/6/2016 16:56:00,51901.81
7/7/2016 16:56:00,52014.66
7/8/2016 16:56:00,53140.74
7/11/2016 16:56:00,53960.12
7/12/2016 16:56:00,54256.41
7/13/2016 16:56:00,54598.29
7/14/2016 16:56:00,55480.87
7/15/2016 16:56:00,55578.24
7/18/2016 16:56:00,56484.22
7/19/2016 16:56:00,56698.06
7/20/2016 16:56:00,56578.05
7/21/2016 16:56:00,56641.49
7/22/2016 16:56:00,57002.08
7/25/2016 16:56:00,56872.73
7/26/2016 16:56:00,56782.75
7/27/2016 16:56:00,56852.84
7/28/2016 16:56:00,56667.12
7/29/2016 16:56:00,57308.21
8/1/2016 16:56:00,56755.76
8/2/2016 16:56:00,56162.38
8/3/2016 16:56:00,57076.91
8/4/2016 16:56:00,57593.9
8/5/2016 16:56:00,57661.14
8/8/2016 16:56:00,57635.43
8/9/2016 16:56:00,57689.42
8/10/2016 16:56:00,56919.78
8/11/2016 16:56:00,58299.57
8/12/2016 16:56:00,58298.41
8/15/2016 16:56:00,59145.98
8/16/2016 16:56:00,58855.43
8/17/2016 16:56:00,59323.83
8/18/2016 16:56:00,59166.02
8/19/2016 16:56:00,59098.92
8/22/2016 16:56:00,57781.24
8/23/2016 16:56:00,58020.03
8/24/2016 16:56:00,57717.88
8/25/2016 16:56:00,57722.14
8/26/2016 16:56:00,57716.25
8/29/2016 16:56:00,58610.39
8/30/2016 16:56:00,58575.42
8/31/2016 16:56:00,57901.11
9/1/2016 16:56:00,58236.27
9/2/2016 16:56:00,59616.4
9/5/2016 16:56:00,59566.35
9/6/2016 16:56:00,60129.44
9/8/2016 16:56:00,60231.66
9/9/2016 16:56:00,57999.73
9/12/2016 16:56:00,58586.11
9/13/2016 16:56:00,56820.77
9/14/2016 16:56:00,57059.46
9/15/2016 16:56:00,57909.49
9/16/2016 16:56:00,57079.76
9/19/2016 16:56:00,57350.38
9/20/2016 16:56:00,57736.46
9/21/2016 16:56:00,58393.92
9/22/2016 16:56:00,58994.17
9/23/2016 16:56:00,58697
9/26/2016 16:56:00,58053.53
9/27/2016 16:56:00,58382.49
9/28/2016 16:56:00,59355.77
9/29/2016 16:56:00,58350.57
9/30/2016 16:56:00,58367.05
10/3/2016 16:56:00,59461.23
10/4/2016 16:56:00,59339.23
10/5/2016 16:56:00,60254.34
10/6/2016 16:56:00,60644.24
10/7/2016 16:56:00,61108.98
10/10/2016 16:56:00,61668.33
10/11/2016 16:56:00,61021.85
10/13/2016 16:56:00,61118.58
10/14/2016 16:56:00,61767.22
10/17/2016 16:56:00,62696.11
10/18/2016 16:56:00,63782.21
10/19/2016 16:56:00,63505.61
10/20/2016 16:56:00,63837.85
10/21/2016 16:56:00,64108.08
10/24/2016 16:56:00,64059.89
10/25/2016 16:56:00,63866.2
10/26/2016 16:56:00,63825.69
10/27/2016 16:56:00,64249.51
10/28/2016 16:56:00,64307.63
10/31/2016 16:56:00,64924.52
11/1/2016 16:56:00,63326.42
11/3/2016 16:56:00,61750.17
11/4/2016 16:56:00,61598.39
11/7/2016 16:56:00,64051.65
11/8/2016 16:56:00,64157.68
11/9/2016 16:56:00,63258.27
11/10/2016 16:56:00,61200.96
11/11/2016 16:56:00,59183.51
11/14/2016 16:56:00,59657.47
11/16/2016 16:56:00,60759.32
11/17/2016 16:56:00,59770.47
11/18/2016 16:56:00,59961.76
11/21/2016 16:56:00,61070.27
11/22/2016 16:56:00,61954.47
11/23/2016 16:56:00,61985.91
11/24/2016 16:56:00,61395.53
11/25/2016 16:56:00,61559.08
11/28/2016 16:56:00,62855.5
11/29/2016 16:56:00,60986.52
11/30/2016 16:56:00,61906.36
12/1/2016 16:56:00,59506.54
12/2/2016 16:56:00,60316.13
12/5/2016 16:56:00,59831.73
12/6/2016 16:56:00,61088.25
12/7/2016 16:56:00,61414.4
12/8/2016 16:56:00,60676.57
12/9/2016 16:56:00,60500.62
12/12/2016 16:56:00,59178.62
12/13/2016 16:56:00,59280.57
12/14/2016 16:56:00,58212.12
12/15/2016 16:56:00,58396.16
12/16/2016 16:56:00,58389.04
12/19/2016 16:56:00,57111
12/20/2016 16:56:00,57582.89
12/21/2016 16:56:00,57646.52
12/22/2016 16:56:00,57255.22
12/23/2016 16:56:00,57937.11
12/26/2016 16:56:00,58620.26
12/27/2016 16:56:00,58696.69
12/28/2016 16:56:00,59781.63
12/29/2016 16:56:00,60227.29
1/2/2017 16:56:00,59588.7
1/3/2017 16:56:00,61813.83
1/4/2017 16:56:00,61589.06
1/5/2017 16:56:00,62070.98
1/6/2017 16:56:00,61665.37
1/9/2017 16:56:00,61700.29
1/10/2017 16:56:00,62131.8
1/11/2017 16:56:00,62446.26
1/12/2017 16:56:00,63953.93
1/13/2017 16:56:00,63651.52
1/16/2017 16:56:00,63831.28
1/17/2017 16:56:00,64354.34
1/18/2017 16:56:00,64149.58
1/19/2017 16:56:00,63950.86
1/20/2017 16:56:00,64521.18
1/23/2017 16:56:00,65748.63
1/24/2017 16:56:00,65840.09
1/26/2017 16:56:00,66190.62
1/27/2017 16:56:00,66033.99
1/30/2017 16:56:00,64301.73
1/31/2017 16:56:00,64670.78
2/1/2017 16:56:00,64836.13
2/2/2017 16:56:00,64578.22
2/3/2017 16:56:00,64953.93
2/6/2017 16:56:00,63992.94
2/7/2017 16:56:00,64198.9
2/8/2017 16:56:00,64835.4
2/9/2017 16:56:00,64964.89
2/10/2017 16:56:00,66124.53
2/13/2017 16:56:00,66967.64
2/14/2017 16:56:00,66712.88
2/15/2017 16:56:00,67975.58
2/16/2017 16:56:00,67814.24
2/17/2017 16:56:00,67748.42
2/20/2017 16:56:00,68532.86
2/21/2017 16:56:00,69052.03
2/22/2017 16:56:00,68589.54
2/23/2017 16:56:00,67461.39
2/24/2017 16:56:00,66662.11
3/1/2017 16:56:00,66988.88
3/2/2017 16:56:00,65854.93
3/3/2017 16:56:00,66785.53
3/6/2017 16:56:00,66341.37
3/7/2017 16:56:00,65742.33
3/8/2017 16:56:00,64718.02
3/9/2017 16:56:00,64585.24
3/10/2017 16:56:00,64675.46
3/13/2017 16:56:00,65534.3
3/14/2017 16:56:00,64699.46
3/15/2017 16:56:00,66234.88
3/16/2017 16:56:00,65782.85
3/17/2017 16:56:00,64209.94
3/20/2017 16:56:00,64884.27
3/21/2017 16:56:00,62980.37
3/22/2017 16:56:00,63521.33
3/23/2017 16:56:00,63530.79
3/24/2017 16:56:00,63853.77
3/27/2017 16:56:00,64308.39
3/28/2017 16:56:00,64640.45
3/29/2017 16:56:00,65528.29
3/30/2017 16:56:00,65265.98
3/31/2017 16:56:00,64984.07
4/3/2017 16:56:00,65211.48
4/4/2017 16:56:00,65768.91
4/5/2017 16:56:00,64774.77
4/6/2017 16:56:00,64222.72
4/7/2017 16:56:00,64593.11
4/10/2017 16:56:00,64649.82
4/11/2017 16:56:00,64359.79
4/12/2017 16:56:00,63891.68
4/13/2017 16:56:00,62826.28
4/17/2017 16:56:00,64334.93
4/18/2017 16:56:00,64158.84
4/19/2017 16:56:00,63406.97
4/20/2017 16:56:00,63760.62
4/24/2017 16:56:00,64389.02
4/25/2017 16:56:00,65148.35
4/26/2017 16:56:00,64861.92
4/27/2017 16:56:00,64676.55
4/28/2017 16:56:00,65403.25
5/2/2017 16:56:00,66721.75
5/3/2017 16:56:00,66093.78
5/4/2017 16:56:00,64862.61
5/5/2017 16:56:00,65709.74
5/8/2017 16:56:00,65526.05
5/9/2017 16:56:00,66277.67
5/10/2017 16:56:00,67349.73
5/11/2017 16:56:00,67537.61
5/12/2017 16:56:00,68221.94
5/15/2017 16:56:00,68474.19
5/16/2017 16:56:00,68684.5
5/17/2017 16:56:00,67540.25
5/18/2017 16:56:00,61597.06
5/19/2017 16:56:00,62639.31
5/22/2017 16:56:00,61673.49
5/23/2017 16:56:00,62662.48
5/24/2017 16:56:00,63257.36
5/25/2017 16:56:00,63226.79
5/26/2017 16:56:00,64085.41
5/29/2017 16:56:00,63760.94
5/30/2017 16:56:00,63962.26
5/31/2017 16:56:00,62711.47
6/1/2017 16:56:00,62288.52
6/2/2017 16:56:00,62510.69
6/5/2017 16:56:00,62450.45
6/6/2017 16:56:00,62954.69
6/7/2017 16:56:00,63170.73
6/8/2017 16:56:00,62755.58
6/9/2017 16:56:00,62210.56
6/12/2017 16:56:00,61700.23
6/13/2017 16:56:00,61828.99
6/14/2017 16:56:00,61922.93
6/16/2017 16:56:00,61626.41
6/19/2017 16:56:00,62014.03
6/20/2017 16:56:00,60766.16
6/21/2017 16:56:00,60761.74
6/22/2017 16:56:00,61272.22
6/23/2017 16:56:00,61087.14
6/26/2017 16:56:00,62188.09
6/27/2017 16:56:00,61675.46
6/28/2017 16:56:00,62017.97
6/29/2017 16:56:00,62238.96
6/30/2017 16:56:00,62899.97
7/3/2017 16:56:00,63279.58
7/4/2017 16:56:00,63231.59
7/5/2017 16:56:00,63154.17
7/6/2017 16:56:00,62470.33
7/7/2017 16:56:00,62322.4
7/10/2017 16:56:00,63025.47
7/11/2017 16:56:00,63832.15
7/12/2017 16:56:00,64835.55
7/13/2017 16:56:00,65178.35
7/14/2017 16:56:00,65436.18
7/17/2017 16:56:00,65212.31
7/18/2017 16:56:00,65337.67
7/19/2017 16:56:00,65179.92
7/20/2017 16:56:00,64938.02
7/21/2017 16:56:00,64684.18
7/24/2017 16:56:00,65099.55
7/25/2017 16:56:00,65667.63
7/26/2017 16:56:00,65010.57
7/27/2017 16:56:00,65277.38
7/28/2017 16:56:00,65497.13
7/31/2017 16:56:00,65920.36
8/1/2017 16:56:00,66516.24
8/2/2017 16:56:00,67135.99
8/3/2017 16:56:00,66777.13
8/4/2017 16:56:00,66897.99
8/7/2017 16:56:00,67939.66
8/8/2017 16:56:00,67898.94
8/9/2017 16:56:00,67671.07
8/10/2017 16:56:00,66992.09
8/11/2017 16:56:00,67358.59
8/14/2017 16:56:00,68284.66
8/15/2017 16:56:00,68355.12
8/16/2017 16:56:00,68594.29
8/17/2017 16:56:00,67976.8
8/18/2017 16:56:00,68714.66
8/21/2017 16:56:00,68634.65
8/22/2017 16:56:00,70011.25
8/23/2017 16:56:00,70477.63
8/24/2017 16:56:00,71132.8
8/25/2017 16:56:00,71073.65
8/28/2017 16:56:00,71016.59
8/29/2017 16:56:00,71329.85
8/30/2017 16:56:00,70886.26
8/31/2017 16:56:00,70835.05
9/1/2017 16:56:00,71923.11
9/4/2017 16:56:00,72128.83
9/5/2017 16:56:00,72150.88
9/6/2017 16:56:00,73412.41
9/8/2017 16:56:00,73078.85
9/11/2017 16:56:00,74319.22
9/12/2017 16:56:00,74538.55
9/13/2017 16:56:00,74787.57
9/14/2017 16:56:00,74656.68
9/15/2017 16:56:00,75756.52
9/18/2017 16:56:00,75990.41
9/19/2017 16:56:00,75974.18
9/20/2017 16:56:00,76004.15
9/21/2017 16:56:00,75604.34
9/22/2017 16:56:00,75389.75
9/25/2017 16:56:00,74443.47
9/26/2017 16:56:00,74318.72
9/27/2017 16:56:00,73796.71
9/28/2017 16:56:00,73567.25
9/29/2017 16:56:00,74293.51
10/2/2017 16:56:00,74359.83
10/3/2017 16:56:00,76762.91
10/4/2017 16:56:00,76591.44
10/5/2017 16:56:00,76617.53
10/6/2017 16:56:00,76054.72
10/9/2017 16:56:00,75726.81
10/10/2017 16:56:00,76897.21
10/11/2017 16:56:00,76659.8
10/13/2017 16:56:00,76989.79
10/16/2017 16:56:00,76891.84
10/17/2017 16:56:00,76201.25
10/18/2017 16:56:00,76591.09
10/19/2017 16:56:00,76283.16
10/20/2017 16:56:00,76390.51
10/23/2017 16:56:00,75413.13
10/24/2017 16:56:00,76350.19
10/25/2017 16:56:00,76671.13
10/26/2017 16:56:00,75896.35
10/27/2017 16:56:00,75975.71
10/30/2017 16:56:00,74800.33
10/31/2017 16:56:00,74308.49
11/1/2017 16:56:00,73823.74
11/3/2017 16:56:00,73915.43
11/6/2017 16:56:00,74310.79
11/7/2017 16:56:00,72414.88
11/8/2017 16:56:00,74363.13
11/9/2017 16:56:00,72930.69
11/10/2017 16:56:00,72165.64
11/13/2017 16:56:00,72475.17
11/14/2017 16:56:00,70826.59
11/16/2017 16:56:00,72511.79
11/17/2017 16:56:00,73437.28
11/21/2017 16:56:00,74594.61
11/22/2017 16:56:00,74518.79
11/23/2017 16:56:00,74486.58
11/24/2017 16:56:00,74157.37
11/27/2017 16:56:00,74058.92
11/28/2017 16:56:00,74139.72
11/29/2017 16:56:00,72700.45
11/30/2017 16:56:00,71970.99
12/1/2017 16:56:00,72264.45
12/4/2017 16:56:00,73090.17
12/5/2017 16:56:00,72546.17
12/6/2017 16:56:00,73268.35
12/7/2017 16:56:00,72487.46
12/8/2017 16:56:00,72731.84
12/11/2017 16:56:00,72800.04
12/12/2017 16:56:00,73813.53
12/13/2017 16:56:00,72914.33
12/14/2017 16:56:00,72428.93
12/15/2017 16:56:00,72607.7
12/18/2017 16:56:00,73115.45
12/19/2017 16:56:00,72680.37
12/20/2017 16:56:00,73367.03
12/21/2017 16:56:00,75133.43
12/22/2017 16:56:00,75186.53
12/26/2017 16:56:00,75707.73
12/27/2017 16:56:00,76072.54
12/28/2017 16:56:00,76402.08
1/2/2018 16:56:00,77891.04
1/3/2018 16:56:00,77995.16
1/4/2018 16:56:00,78647.42
1/5/2018 16:56:00,79071.47
1/8/2018 16:56:00,79378.54
1/9/2018 16:56:00,78863.54
1/10/2018 16:56:00,78200.57
1/11/2018 16:56:00,79365.44
1/12/2018 16:56:00,79349.12
1/15/2018 16:56:00,79752.37
1/16/2018 16:56:00,79831.76
1/17/2018 16:56:00,81189.16
1/18/2018 16:56:00,80962.65
1/19/2018 16:56:00,81219.5
1/22/2018 16:56:00,81675.42
1/23/2018 16:56:00,80643.43
1/24/2018 16:56:00,83680
1/26/2018 16:56:00,85530.84
1/29/2018 16:56:00,84698.01
1/30/2018 16:56:00,84482.46
1/31/2018 16:56:00,84912.7
2/1/2018 16:56:00,85495.24
2/2/2018 16:56:00,84041.34
2/5/2018 16:56:00,81861.09
2/6/2018 16:56:00,83894.04
2/7/2018 16:56:00,82766.73
2/8/2018 16:56:00,81532.53
2/9/2018 16:56:00,80898.7
2/14/2018 16:56:00,83542.84
2/15/2018 16:56:00,84290.57
2/16/2018 16:56:00,84524.58
2/19/2018 16:56:00,84792.71
2/20/2018 16:56:00,85803.96
2/21/2018 16:56:00,86051.82
2/22/2018 16:56:00,86686.45
2/23/2018 16:56:00,87293.24
2/26/2018 16:56:00,87652.64
2/27/2018 16:56:00,86935.44
2/28/2018 16:56:00,85353.6
3/1/2018 16:56:00,85377.79
3/2/2018 16:56:00,85761.34
3/5/2018 16:56:00,86022.83
3/6/2018 16:56:00,85653.02
3/7/2018 16:56:00,85483.55
3/8/2018 16:56:00,84984.61
3/9/2018 16:56:00,86371.41
3/12/2018 16:56:00,86900.43
3/13/2018 16:56:00,86383.85
3/14/2018 16:56:00,86050.96
3/15/2018 16:56:00,84928.2
3/16/2018 16:56:00,84886.49
3/19/2018 16:56:00,83913.06
3/20/2018 16:56:00,84163.8
3/21/2018 16:56:00,84976.59
3/22/2018 16:56:00,84767.88
3/23/2018 16:56:00,84377.19
3/26/2018 16:56:00,85087.86
3/27/2018 16:56:00,83808.06
3/28/2018 16:56:00,83874.14
3/29/2018 16:56:00,85365.56
4/2/2018 16:56:00,84666.44
4/3/2018 16:56:00,84623.46
4/4/2018 16:56:00,84359.69
4/5/2018 16:56:00,85209.66
4/6/2018 16:56:00,84820.42
4/9/2018 16:56:00,83307.23
4/10/2018 16:56:00,84510.36
4/11/2018 16:56:00,85245.59
4/12/2018 16:56:00,85443.53
4/13/2018 16:56:00,84334.41
4/16/2018 16:56:00,82861.58
4/17/2018 16:56:00,84086.13
4/18/2018 16:56:00,85776.46
4/19/2018 16:56:00,85824.26
4/20/2018 16:56:00,85550.09
4/23/2018 16:56:00,85602.5
4/24/2018 16:56:00,85469.08
4/25/2018 16:56:00,85044.39
4/26/2018 16:56:00,86383.2
4/27/2018 16:56:00,86444.66
4/30/2018 16:56:00,86115.5
5/2/2018 16:56:00,84547.09
5/3/2018 16:56:00,83288.14
5/4/2018 16:56:00,83118.03
5/7/2018 16:56:00,82714.43
5/8/2018 16:56:00,82956.05
5/9/2018 16:56:00,84265.49
5/10/2018 16:56:00,85861.2
5/11/2018 16:56:00,85220.24
5/14/2018 16:56:00,85232.18
5/15/2018 16:56:00,85130.42
5/16/2018 16:56:00,86536.97
5/17/2018 16:56:00,83621.95
5/18/2018 16:56:00,83081.88
5/21/2018 16:56:00,81815.32
5/22/2018 16:56:00,82738.88
5/23/2018 16:56:00,80867.29
5/24/2018 16:56:00,80122.31
5/25/2018 16:56:00,78897.66
5/28/2018 16:56:00,75355.84
5/29/2018 16:56:00,76071.97
5/30/2018 16:56:00,76753.61
6/1/2018 16:56:00,77239.75
6/4/2018 16:56:00,78596.06
6/5/2018 16:56:00,76641.72
6/6/2018 16:56:00,76117.22
6/7/2018 16:56:00,73851.46
6/8/2018 16:56:00,72942.07
6/11/2018 16:56:00,72307.77
6/12/2018 16:56:00,72754.13
6/13/2018 16:56:00,72122.14
6/14/2018 16:56:00,71421.19
6/15/2018 16:56:00,70757.73
6/18/2018 16:56:00,69814.74
6/19/2018 16:56:00,71394.34
6/20/2018 16:56:00,72123.41
6/21/2018 16:56:00,70074.9
6/22/2018 16:56:00,70640.65
6/25/2018 16:56:00,70952.97
6/26/2018 16:56:00,71404.59
6/27/2018 16:56:00,70609
6/28/2018 16:56:00,71766.52
6/29/2018 16:56:00,72762.51
7/2/2018 16:56:00,72839.74
7/3/2018 16:56:00,73667.75
7/4/2018 16:56:00,74743.11
7/5/2018 16:56:00,74553.06
7/6/2018 16:56:00,75010.39
7/10/2018 16:56:00,74862.38
7/11/2018 16:56:00,74398.55
7/12/2018 16:56:00,75856.22
7/13/2018 16:56:00,76594.35
7/16/2018 16:56:00,76652.58
7/17/2018 16:56:00,78130.3
7/18/2018 16:56:00,77362.63
7/19/2018 16:56:00,77486.84
7/20/2018 16:56:00,78571.29
7/23/2018 16:56:00,77996.12
7/24/2018 16:56:00,79154.98
7/25/2018 16:56:00,80218.04
7/26/2018 16:56:00,79405.34
7/27/2018 16:56:00,79866.1
7/30/2018 16:56:00,80275.59
7/31/2018 16:56:00,79220.43
8/1/2018 16:56:00,79301.65
8/2/2018 16:56:00,79636.69
8/3/2018 16:56:00,81434.98
8/6/2018 16:56:00,81050.76
8/7/2018 16:56:00,80346.52
8/8/2018 16:56:00,79151.7
8/9/2018 16:56:00,78767.99
8/10/2018 16:56:00,76514.35
8/13/2018 16:56:00,77496.45
8/14/2018 16:56:00,78602.11
8/15/2018 16:56:00,77077.99
8/16/2018 16:56:00,76818.72
8/17/2018 16:56:00,76028.5
8/20/2018 16:56:00,76327.89
8/21/2018 16:56:00,75180.4
8/22/2018 16:56:00,76902.3
8/23/2018 16:56:00,75633.77
8/24/2018 16:56:00,76262.23
8/27/2018 16:56:00,77929.68
8/28/2018 16:56:00,77473.18
8/29/2018 16:56:00,78388.83
8/30/2018 16:56:00,76404.09
8/31/2018 16:56:00,76677.53
9/3/2018 16:56:00,76192.73
9/4/2018 16:56:00,74711.8
9/5/2018 16:56:00,75092.27
9/6/2018 16:56:00,76416.01
9/10/2018 16:56:00,76436.35
9/11/2018 16:56:00,74656.51
9/12/2018 16:56:00,75124.81
9/13/2018 16:56:00,74686.67
9/14/2018 16:56:00,75429.09
9/17/2018 16:56:00,76788.85
9/18/2018 16:56:00,78313.96
9/19/2018 16:56:00,78168.66
9/20/2018 16:56:00,78116.01
9/21/2018 16:56:00,79444.29
9/24/2018 16:56:00,77984.18
9/25/2018 16:56:00,78630.14
9/26/2018 16:56:00,78656.16
9/27/2018 16:56:00,80000.09
9/28/2018 16:56:00,79342.42
10/1/2018 16:56:00,78623.66
10/2/2018 16:56:00,81612.28
10/3/2018 16:56:00,83273.4
10/4/2018 16:56:00,82952.81
10/5/2018 16:56:00,82321.52
10/8/2018 16:56:00,86083.91
10/9/2018 16:56:00,86087.55
10/10/2018 16:56:00,83679.11
10/11/2018 16:56:00,82921.08
10/15/2018 16:56:00,83359.76
10/16/2018 16:56:00,85717.56
10/17/2018 16:56:00,85763.95
10/18/2018 16:56:00,83847.12
10/19/2018 16:56:00,84219.74
10/22/2018 16:56:00,85596.69
10/23/2018 16:56:00,85300.03
10/24/2018 16:56:00,83063.56
10/25/2018 16:56:00,84083.51
10/26/2018 16:56:00,85719.87
10/29/2018 16:56:00,83796.71
10/30/2018 16:56:00,86885.71
10/31/2018 16:56:00,87423.55
11/1/2018 16:56:00,88419.05
11/5/2018 16:56:00,89598.16
11/6/2018 16:56:00,88668.92
11/7/2018 16:56:00,87714.35
11/8/2018 16:56:00,85620.13
11/9/2018 16:56:00,85641.21
11/12/2018 16:56:00,85524.7
11/13/2018 16:56:00,84914.11
11/14/2018 16:56:00,85973.06
11/16/2018 16:56:00,88515.27
11/19/2018 16:56:00,87900.83
11/21/2018 16:56:00,87268.8
11/22/2018 16:56:00,87477.44
11/23/2018 16:56:00,86230.22
11/26/2018 16:56:00,85546.51
11/27/2018 16:56:00,87891.18
11/28/2018 16:56:00,89250.82
11/29/2018 16:56:00,89709.56
11/30/2018 16:56:00,89504.03
12/3/2018 16:56:00,89820.09
12/4/2018 16:56:00,88624.45
12/5/2018 16:56:00,89039.79
12/6/2018 16:56:00,88846.48
12/7/2018 16:56:00,88115.07
12/10/2018 16:56:00,85914.71
12/11/2018 16:56:00,86419.57
12/12/2018 16:56:00,86977.46
12/13/2018 16:56:00,87837.59
12/14/2018 16:56:00,87449.5
12/17/2018 16:56:00,86399.68
12/18/2018 16:56:00,86610.49
12/19/2018 16:56:00,85673.52
12/20/2018 16:56:00,85269.29
12/21/2018 16:56:00,85697.15
12/26/2018 16:56:00,85136.1
12/27/2018 16:56:00,85460.2
12/28/2018 16:56:00,87887.26
1/2/2019 16:56:00,91012.31
1/3/2019 16:56:00,91564.25
1/4/2019 16:56:00,91840.79
1/7/2019 16:56:00,91699.05
1/8/2019 16:56:00,92031.86
1/9/2019 16:56:00,93613.04
1/10/2019 16:56:00,93805.93
1/11/2019 16:56:00,93658.31
1/14/2019 16:56:00,94474.13
1/15/2019 16:56:00,94055.72
1/16/2019 16:56:00,94393.07
1/17/2019 16:56:00,95351.09
1/18/2019 16:56:00,96096.75
1/21/2019 16:56:00,96009.77
1/22/2019 16:56:00,95103.38
1/23/2019 16:56:00,96558.42
1/24/2019 16:56:00,97677.19
1/28/2019 16:56:00,95443.88
1/29/2019 16:56:00,95639.33
1/30/2019 16:56:00,96996.21
1/31/2019 16:56:00,97393.74
2/1/2019 16:56:00,97861.27
2/4/2019 16:56:00,98588.63
2/5/2019 16:56:00,98311.2
2/6/2019 16:56:00,94635.57
2/7/2019 16:56:00,94405.59
2/8/2019 16:56:00,95343.1
2/11/2019 16:56:00,94412.91
2/12/2019 16:56:00,96168.4
2/13/2019 16:56:00,95842.4
2/14/2019 16:56:00,98015.09
2/15/2019 16:56:00,97525.91
2/18/2019 16:56:00,96509.89
2/19/2019 16:56:00,97659.15
2/20/2019 16:56:00,96544.81
2/21/2019 16:56:00,96932.27
2/22/2019 16:56:00,97885.6
2/25/2019 16:56:00,97239.9
2/26/2019 16:56:00,97602.5
2/27/2019 16:56:00,97307.31
2/28/2019 16:56:00,95584.35
3/1/2019 16:56:00,94603.75
3/6/2019 16:56:00,94216.87
3/7/2019 16:56:00,94340.17
3/8/2019 16:56:00,95364.85
3/11/2019 16:56:00,98026.62
3/12/2019 16:56:00,97828.03
3/13/2019 16:56:00,98903.88
3/14/2019 16:56:00,98604.67
3/15/2019 16:56:00,99136.74
3/18/2019 16:56:00,99993.92
3/19/2019 16:56:00,99588.37
3/20/2019 16:56:00,98041.37
3/21/2019 16:56:00,96729.08
3/22/2019 16:56:00,93735.15
3/25/2019 16:56:00,93662.01
3/26/2019 16:56:00,95306.82
3/27/2019 16:56:00,91903.4
3/28/2019 16:56:00,94388.94
3/29/2019 16:56:00,95414.55
4/1/2019 16:56:00,96054.45
4/2/2019 16:56:00,95386.76
4/3/2019 16:56:00,94491.48
4/4/2019 16:56:00,96313.06
4/5/2019 16:56:00,97108.17
4/8/2019 16:56:00,97369.29
4/9/2019 16:56:00,96291.79
4/10/2019 16:56:00,95953.45
4/11/2019 16:56:00,94754.7
4/12/2019 16:56:00,92875
4/15/2019 16:56:00,93082.97
4/16/2019 16:56:00,94333.31
4/17/2019 16:56:00,93284.75
4/18/2019 16:56:00,94578.26
4/22/2019 16:56:00,94588.06
4/23/2019 16:56:00,95923.24
4/24/2019 16:56:00,95045.43
4/25/2019 16:56:00,96552.03
4/26/2019 16:56:00,96236.04
4/29/2019 16:56:00,96187.75
4/30/2019 16:56:00,96353.33
5/2/2019 16:56:00,95527.62
5/3/2019 16:56:00,96007.89
5/6/2019 16:56:00,95008.66
5/7/2019 16:56:00,94388.73
5/8/2019 16:56:00,95596.61
5/9/2019 16:56:00,94807.85
5/10/2019 16:56:00,94257.56
5/13/2019 16:56:00,91726.54
5/14/2019 16:56:00,92092.44
5/15/2019 16:56:00,91623.44
5/16/2019 16:56:00,90024.47
5/17/2019 16:56:00,89992.73
5/20/2019 16:56:00,91946.19
5/21/2019 16:56:00,94484.63
5/22/2019 16:56:00,94360.66
5/23/2019 16:56:00,93910.03
5/24/2019 16:56:00,93627.8
5/27/2019 16:56:00,94864.25
5/28/2019 16:56:00,96392.76
5/29/2019 16:56:00,96566.55
5/30/2019 16:56:00,97457.36
5/31/2019 16:56:00,97030.32
6/3/2019 16:56:00,97020.48
6/4/2019 16:56:00,97380.28
6/5/2019 16:56:00,95998.75
6/6/2019 16:56:00,97204.85
6/7/2019 16:56:00,97821.26
6/10/2019 16:56:00,97466.69
6/11/2019 16:56:00,98960
6/12/2019 16:56:00,98320.88
6/13/2019 16:56:00,98773.7
6/14/2019 16:56:00,98040.06
6/17/2019 16:56:00,97623.25
6/18/2019 16:56:00,99404.39
6/19/2019 16:56:00,100303.41
6/21/2019 16:56:00,102012.64
6/24/2019 16:56:00,102062.33
6/25/2019 16:56:00,100092.95
6/26/2019 16:56:00,100688.63
6/27/2019 16:56:00,100723.97
6/28/2019 16:56:00,100967.2
7/1/2019 16:56:00,101339.68
7/2/2019 16:56:00,100605.17
7/3/2019 16:56:00,102043.11
7/4/2019 16:56:00,103636.17
7/5/2019 16:56:00,104089.47
7/8/2019 16:56:00,104530.22
7/10/2019 16:56:00,105817.06
7/11/2019 16:56:00,105146.44
7/12/2019 16:56:00,103905.99
7/15/2019 16:56:00,103802.69
7/16/2019 16:56:00,103775.41
7/17/2019 16:56:00,103855.53
7/18/2019 16:56:00,104716.59
7/19/2019 16:56:00,103451.93
7/22/2019 16:56:00,103949.46
7/23/2019 16:56:00,103704.28
7/24/2019 16:56:00,104119.54
7/25/2019 16:56:00,102654.58
7/26/2019 16:56:00,102818.93
7/29/2019 16:56:00,103482.63
7/30/2019 16:56:00,102932.76
7/31/2019 16:56:00,101812.13
8/1/2019 16:56:00,102125.94
8/2/2019 16:56:00,102673.68
8/5/2019 16:56:00,100097.75
8/6/2019 16:56:00,102163.69
8/7/2019 16:56:00,102782.37
8/8/2019 16:56:00,104115.23
8/9/2019 16:56:00,103996.16
8/12/2019 16:56:00,101915.22
8/13/2019 16:56:00,103299.47
8/14/2019 16:56:00,100258.01
8/15/2019 16:56:00,99056.91
8/16/2019 16:56:00,99805.78
8/19/2019 16:56:00,99468.67
8/20/2019 16:56:00,99222.25
8/21/2019 16:56:00,101201.9
8/22/2019 16:56:00,100011.28
8/23/2019 16:56:00,97667.49
8/26/2019 16:56:00,96429.6
8/27/2019 16:56:00,97276.19
8/28/2019 16:56:00,98193.53
8/29/2019 16:56:00,100524.43
8/30/2019 16:56:00,101134.61
9/2/2019 16:56:00,100625.74
9/3/2019 16:56:00,99680.83
9/4/2019 16:56:00,101200.89
9/5/2019 16:56:00,102243
9/6/2019 16:56:00,102935.43
9/9/2019 16:56:00,103180.59
9/10/2019 16:56:00,103031.5
9/11/2019 16:56:00,103445.6
9/12/2019 16:56:00,104370.91
9/13/2019 16:56:00,103501.18
9/16/2019 16:56:00,103680.41
9/17/2019 16:56:00,104616.86
9/18/2019 16:56:00,104531.93
9/19/2019 16:56:00,104339.16
9/20/2019 16:56:00,104817.4
9/23/2019 16:56:00,104637.82
9/24/2019 16:56:00,103875.66
9/25/2019 16:56:00,104480.98
9/26/2019 16:56:00,105319.4
9/27/2019 16:56:00,105077.63
9/30/2019 16:56:00,104745.32
10/1/2019 16:56:00,104053.4
10/2/2019 16:56:00,101031.44
10/3/2019 16:56:00,101516.04
10/4/2019 16:56:00,102551.32
10/7/2019 16:56:00,100572.77
10/8/2019 16:56:00,99981.4
10/9/2019 16:56:00,101248.78
10/10/2019 16:56:00,101817.13
10/11/2019 16:56:00,103831.92
10/14/2019 16:56:00,104301.58
10/15/2019 16:56:00,104489.56
10/16/2019 16:56:00,105422.8
10/17/2019 16:56:00,105015.77
10/18/2019 16:56:00,104728.89
10/21/2019 16:56:00,106022.28
10/22/2019 16:56:00,107381.11
10/23/2019 16:56:00,107543.59
10/24/2019 16:56:00,106986.15
10/25/2019 16:56:00,107363.77
10/28/2019 16:56:00,108187.06
10/29/2019 16:56:00,107556.26
10/30/2019 16:56:00,108407.54
10/31/2019 16:56:00,107219.83
11/1/2019 16:56:00,108195.63
11/4/2019 16:56:00,108779.33
11/5/2019 16:56:00,108719.02
11/6/2019 16:56:00,108360.22
11/7/2019 16:56:00,109580.57
11/8/2019 16:56:00,107628.98
11/11/2019 16:56:00,108367.44
11/12/2019 16:56:00,106751.11
11/13/2019 16:56:00,106059.95
11/14/2019 16:56:00,106556.88
11/18/2019 16:56:00,106269.25
11/19/2019 16:56:00,105864.18
11/21/2019 16:56:00,107496.73
11/22/2019 16:56:00,108692.28
11/25/2019 16:56:00,108423.93
11/26/2019 16:56:00,107059.4
